{"v":"5.5.7","fr":30,"ip":0,"op":50,"w":1600,"h":1200,"nm":"Comp 1","ddd":0,"assets":[],"layers":[{"ddd":0,"ind":1,"ty":4,"nm":"Like_filled Outlines","sr":1,"ks":{"o":{"a":0,"k":100,"ix":11},"r":{"a":0,"k":0,"ix":10},"p":{"a":0,"k":[800,600,0],"ix":2},"a":{"a":0,"k":[120,106,0],"ix":1},"s":{"a":1,"k":[{"i":{"x":[0,0,0.667],"y":[0.99,0.99,1]},"o":{"x":[0.333,0.333,0.333],"y":[0.003,0.003,0]},"t":20,"s":[40,40,100]},{"i":{"x":[0.773,0.773,0.667],"y":[1.011,1.011,1]},"o":{"x":[1,1,0.333],"y":[-0.71,-0.71,0]},"t":24,"s":[100,100,100]},{"t":30,"s":[80,80,100]}],"ix":6}},"ao":0,"shapes":[{"ty":"gr","it":[{"ind":0,"ty":"sh","ix":1,"ks":{"a":0,"k":{"i":[[36.343,0],[10.524,-8.139],[3.955,-7.228],[10.09,7.803],[13.023,0],[0,-39.42],[-51.762,-44.11],[-10.355,-9.055],[-1.819,0],[-1.365,1.195],[-8.796,7.496],[0,42.588]],"o":[[-13.023,0],[-10.09,7.803],[-3.955,-7.228],[-10.525,-8.139],[-36.343,0],[0,42.588],[8.79,7.492],[1.365,1.196],[1.818,0],[10.356,-9.057],[51.756,-44.106],[0,-39.42]],"v":[[56.25,-105.938],[20.763,-93.671],[0,-68.701],[-20.762,-93.671],[-56.25,-105.938],[-120,-36.79],[-34.046,79.046],[-4.937,104.083],[0,105.938],[4.937,104.085],[34.052,79.042],[120,-36.79]],"c":true},"ix":2},"nm":"Path 1","mn":"ADBE Vector Shape - Group","hd":false},{"ty":"fl","c":{"a":0,"k":[0.957000014361,0.263000009574,0.211999990426,1],"ix":4},"o":{"a":0,"k":100,"ix":5},"r":1,"bm":0,"nm":"Fill 1","mn":"ADBE Vector Graphic - Fill","hd":false},{"ty":"tr","p":{"a":0,"k":[120,105.938],"ix":2},"a":{"a":0,"k":[0,0],"ix":1},"s":{"a":0,"k":[100,100],"ix":3},"r":{"a":0,"k":0,"ix":6},"o":{"a":0,"k":100,"ix":7},"sk":{"a":0,"k":0,"ix":4},"sa":{"a":0,"k":0,"ix":5},"nm":"Transform"}],"nm":"Group 1","np":2,"cix":2,"bm":0,"ix":1,"mn":"ADBE Vector Group","hd":false}],"ip":20,"op":90,"st":0,"bm":0},{"ddd":0,"ind":2,"ty":4,"nm":"like_hole Outlines","sr":1,"ks":{"o":{"a":0,"k":100,"ix":11},"r":{"a":0,"k":0,"ix":10},"p":{"a":0,"k":[800,600,0],"ix":2},"a":{"a":0,"k":[120,106.5,0],"ix":1},"s":{"a":1,"k":[{"i":{"x":[0.15,0.15,0.667],"y":[1,1,1]},"o":{"x":[0.333,0.333,0.333],"y":[0,0,0]},"t":16,"s":[80,80,100]},{"i":{"x":[0,0,0.667],"y":[1,1,1]},"o":{"x":[0.333,0.333,0.333],"y":[0,0,0]},"t":20,"s":[40,40,100]},{"t":23,"s":[80,80,100]}],"ix":6}},"ao":0,"shapes":[{"ty":"gr","it":[{"ind":0,"ty":"sh","ix":1,"ks":{"a":0,"k":{"i":[[48.778,-41.566],[8.689,-7.552],[8.008,6.823],[0,36.098],[-9.027,10.243],[-13.884,0],[-7.06,-9.964],[-1.127,-3.458],[-3.044,0],[-0.943,2.894],[-6.333,8.936],[-19.279,0],[-9.13,-10.358],[0,-14.92]],"o":[[-8.007,6.822],[-8.688,-7.551],[-48.778,-41.565],[0,-14.92],[9.13,-10.358],[19.28,0],[6.332,8.936],[0.943,2.894],[3.044,0],[1.127,-3.458],[7.058,-9.964],[13.885,0],[9.027,10.243],[0,36.098]],"v":[[24.935,68.257],[0,89.653],[-24.935,68.256],[-105.937,-36.867],[-91.939,-75.888],[-56.25,-91.951],[-17.448,-70.111],[-6.685,-48.708],[0,-43.855],[6.686,-48.708],[17.45,-70.111],[56.25,-91.951],[91.94,-75.888],[105.938,-36.867]],"c":true},"ix":2},"nm":"Path 1","mn":"ADBE Vector Shape - Group","hd":false},{"ind":1,"ty":"sh","ix":2,"ks":{"a":0,"k":{"i":[[11.292,12.814],[17.981,0],[8.978,-12.67],[1.664,-3.102],[2.33,3.288],[25.289,0],[11.838,-13.432],[0,-18.346],[-16.74,-19.908],[-24.924,-21.238],[-10.225,-8.946],[0,0],[-1.652,0],[-1.325,1.161],[0,0],[-9.288,7.916],[-14.961,17.794],[0,19.971]],"o":[[-11.837,-13.432],[-25.288,0],[-2.33,3.288],[-1.663,-3.102],[-8.977,-12.67],[-17.98,0],[-11.292,12.813],[0,19.971],[14.961,17.794],[9.287,7.914],[0,0],[1.326,1.161],[1.653,0],[0,0],[10.225,-8.946],[24.923,-21.237],[16.741,-19.91],[0,-18.346]],"v":[[102.49,-85.186],[56.25,-106.014],[5.975,-78.241],[0,-68.554],[-5.974,-78.241],[-56.25,-106.014],[-102.489,-85.185],[-120,-36.867],[-95.463,21.586],[-34.054,78.96],[-4.938,104.005],[-4.631,104.274],[0,106.015],[4.631,104.274],[4.939,104.005],[34.056,78.959],[95.463,21.587],[120,-36.867]],"c":true},"ix":2},"nm":"Path 2","mn":"ADBE Vector Shape - Group","hd":false},{"ty":"mm","mm":1,"nm":"Merge Paths 1","mn":"ADBE Vector Filter - Merge","hd":false},{"ty":"fl","c":{"a":0,"k":[0,0,0,1],"ix":4},"o":{"a":0,"k":100,"ix":5},"r":1,"bm":0,"nm":"Fill 1","mn":"ADBE Vector Graphic - Fill","hd":false},{"ty":"tr","p":{"a":0,"k":[120,106.015],"ix":2},"a":{"a":0,"k":[0,0],"ix":1},"s":{"a":0,"k":[100,100],"ix":3},"r":{"a":0,"k":0,"ix":6},"o":{"a":0,"k":100,"ix":7},"sk":{"a":0,"k":0,"ix":4},"sa":{"a":0,"k":0,"ix":5},"nm":"Transform"}],"nm":"Group 1","np":6,"cix":2,"bm":0,"ix":1,"mn":"ADBE Vector Group","hd":false}],"ip":0,"op":90,"st":0,"bm":0},{"ddd":0,"ind":3,"ty":4,"nm":"Like_filled Outlines","sr":1,"ks":{"o":{"a":0,"k":100,"ix":11},"r":{"a":0,"k":0,"ix":10},"p":{"a":0,"k":[920,706,0],"ix":2},"a":{"a":0,"k":[120,106,0],"ix":1},"s":{"a":0,"k":[100,100,100],"ix":6}},"ao":0,"shapes":[{"ty":"gr","it":[{"ind":0,"ty":"sh","ix":1,"ks":{"a":0,"k":{"i":[[36.343,0],[10.524,-8.139],[3.955,-7.228],[10.09,7.803],[13.023,0],[0,-39.42],[-51.762,-44.11],[-10.355,-9.055],[-1.819,0],[-1.365,1.195],[-8.796,7.496],[0,42.588]],"o":[[-13.023,0],[-10.09,7.803],[-3.955,-7.228],[-10.525,-8.139],[-36.343,0],[0,42.588],[8.79,7.492],[1.365,1.196],[1.818,0],[10.356,-9.057],[51.756,-44.106],[0,-39.42]],"v":[[56.25,-105.938],[20.763,-93.671],[0,-68.701],[-20.762,-93.671],[-56.25,-105.938],[-120,-36.79],[-34.046,79.046],[-4.937,104.083],[0,105.938],[4.937,104.085],[34.052,79.042],[120,-36.79]],"c":true},"ix":2},"nm":"Path 1","mn":"ADBE Vector Shape - Group","hd":false},{"ty":"fl","c":{"a":0,"k":[0.957000014361,0.263000009574,0.211999990426,1],"ix":4},"o":{"a":0,"k":100,"ix":5},"r":1,"bm":0,"nm":"Fill 1","mn":"ADBE Vector Graphic - Fill","hd":false},{"ty":"tr","p":{"a":1,"k":[{"i":{"x":0,"y":1},"o":{"x":0.176,"y":0},"t":20,"s":[0,0],"to":[0,53.333],"ti":[0,-53.333]},{"t":40,"s":[0,320]}],"ix":2},"a":{"a":0,"k":[0,0],"ix":1},"s":{"a":1,"k":[{"i":{"x":[0,0],"y":[1,1]},"o":{"x":[0.176,0.176],"y":[0,0]},"t":20,"s":[0,0]},{"i":{"x":[0.67,0.67],"y":[1,1]},"o":{"x":[0.909,0.909],"y":[0,0]},"t":32,"s":[30,30]},{"t":40,"s":[10,10]}],"ix":3},"r":{"a":1,"k":[{"i":{"x":[0.667],"y":[1]},"o":{"x":[0.333],"y":[0]},"t":20,"s":[0]},{"t":40,"s":[180]}],"ix":6},"o":{"a":1,"k":[{"i":{"x":[0.667],"y":[1]},"o":{"x":[1],"y":[0]},"t":32,"s":[100]},{"t":40,"s":[0]}],"ix":7},"sk":{"a":0,"k":0,"ix":4},"sa":{"a":0,"k":0,"ix":5},"nm":"Transform"}],"nm":"Group 1","np":2,"cix":2,"bm":0,"ix":1,"mn":"ADBE Vector Group","hd":false},{"ty":"rp","c":{"a":0,"k":12,"ix":1},"o":{"a":0,"k":0,"ix":2},"m":1,"ix":2,"tr":{"ty":"tr","p":{"a":0,"k":[0,0],"ix":2},"a":{"a":0,"k":[0,0],"ix":1},"s":{"a":0,"k":[100,100],"ix":3},"r":{"a":0,"k":30,"ix":4},"so":{"a":0,"k":100,"ix":5},"eo":{"a":0,"k":100,"ix":6},"nm":"Transform"},"nm":"Repeater 1","mn":"ADBE Vector Filter - Repeater","hd":false}],"ip":19,"op":90,"st":0,"bm":0}],"markers":[]}